A0,A1,A2,A3,A4,A5,A6,A7,A8,A9,label
17.08362606545074,-32.68921128453017,37.32834598470262,41.06753596931127,-45.89283244371451,11.26302393822374,32.15521529241804,-40.04304073281437,22.104845481861055,-98.66892745093062,1
-16.96176980738273,2.6748725360172303,27.205667973958228,-22.730566405833294,-41.44373385363836,-37.009606349152925,-13.714862730334236,9.094291523165378,6.44940657290009,-11.640999578858027,0
-68.5178218503884,26.820635144672405,-110.56379116073789,64.95165561658725,123.50738668979943,-17.073272206023766,-9.961852756115212,-7.110391481112226,71.7145099719297,-38.14802177885268,0
-5.2716408294619725,-35.85170450591433,62.3607609629525,73.75911306850327,8.945223614786103,49.866636798250866,-6.582895288398127,-2.908684909364326,43.61522778168909,-32.783751131124276,0
36.43683898182723,-36.476147350500675,6.621958204421315,28.894077749999163,-29.511331009665863,33.15608427195749,14.519850677391823,-34.80976434469394,15.679206164572912,-113.63425509427645,1
-67.65213150662761,191.5869793756746,-46.6907946759199,30.44678090727429,64.74724523310243,29.586053811044188,-44.53667930653073,89.05016442207261,-95.12228673896561,-92.19606265681612,1
-10.281007455942202,46.80838234887507,-27.096987817008895,-35.57999584087134,-4.353570221667396,8.312044231893502,-33.57925887928183,38.863307305101515,-5.499422085022763,38.94764894939025,0
-2.3069940451367934,36.44876127666568,-39.23182491508017,-130.16457230445172,68.0424538951505,21.88367996613272,-21.28740304159101,16.013797743151642,16.809329573776548,29.059922058470637,0
-37.431292059289106,7.68399379033878,-20.694889373543102,-48.43091789479907,-1.0584139767449583,31.449382752502494,-15.386422468987886,11.181648481345205,-16.276821436325246,-1.2645740219899346,0
-61.43453303699923,34.10359658148936,-53.235390473339706,-8.94401453109157,51.40936595495755,-10.068547396464549,-8.809028194895026,-1.1800112439432824,37.872690272344535,1.3748806852097961,0
30.496643235670355,145.2073721452266,-70.75392820439583,-9.58602326984977,25.634257217920226,-43.565556722150426,-29.493805363370868,40.028974452594724,-2.2318443312512675,26.689577569407717,1
55.65917812505797,11.96253176226027,-56.351852583750265,-28.622514110435162,-14.136289729082335,-34.42011229477515,-21.72394533848377,15.177164096945061,3.031150941565731,-23.844735001849564,0
100.25374034184662,-66.35287072136002,-28.183502587528785,-17.813060167987196,-23.11073754640362,-37.20030521159435,-0.9607082765678545,-5.0576005922805924,-1.7956005345060062,-54.32273660240483,0
-130.8630433532815,-41.25421093757463,29.150597510105168,14.022976507969924,-28.531714094536397,8.183267477831377,14.68523872681308,-23.303368468623308,-10.682255437958384,-19.102996398979247,0
-100.60098020957416,-7.727093270125024,66.77742699292733,-7.813793224832725,-32.266288412561124,-27.616291997402563,-0.5953817900488901,-17.061563076186385,26.261335291398304,12.995148575239915,0
-22.322834312369448,-58.974682893217,23.651103195909435,-32.07855329438014,10.6649672308308,36.93258533188846,-13.345317875380001,-3.5577961870857107,-9.891852656080635,15.756817016783913,0
-33.59369691035623,30.625450434509816,-15.91094907931906,-11.56906294110131,42.06591686553513,50.29083217346677,-24.440693276875464,46.388349093304306,-8.283652848102388,6.66160154795669,0
12.428235072552045,61.57957301055817,-17.908048657567495,-70.08231785980215,-50.664472173377895,60.11163634357052,-25.16675168533808,-29.419386923156992,28.631462104163724,5.411729645455076,0
-21.715331510741652,76.93380626391553,23.65056126364049,5.006130879660065,-7.136095749164431,-9.841659053358505,22.95253362436522,-43.40644168056688,65.71861888591921,-23.17236181777729,0
23.50263118884705,-113.175946481924,57.79511106202474,17.35418364797889,0.19504167924293095,69.3167440367696,-27.93569363633325,-14.698264507400136,54.34776582329669,-4.191700128970309,0
-46.30156191135588,-43.56906397450278,27.819968685670087,123.68611753712067,-19.29790192872259,27.35647937582184,-32.183735644902,26.862423927617428,-20.584448126259847,8.497757532404805,0
-25.199392975796055,21.000657341032436,-58.99784462098569,-14.590136551037647,47.439237733338146,23.54438901647459,10.901311683715424,9.831295470733355,13.487355888244856,33.759983215807495,0
-68.10761815136068,10.663674505629047,-6.0920937712481855,-30.37748582441966,-15.906048479848831,-14.210388487669237,-1.650156313360789,-21.160188378229545,36.710641611327254,8.691583870141338,0
54.312991415655304,-13.848074980286276,43.47836407515187,-15.826712306938663,-22.823277516540475,-18.98094816914807,-27.219230786431602,46.01097590469487,22.903265312954442,31.408523003817233,0
-37.72574216262132,17.31410015869698,53.19418088362864,-32.81387227650636,-15.62635036260603,4.510120302812374,-34.09941294176614,29.31310411150084,4.341512289210935,14.073104542117859,0
149.66635416118262,21.13438529370437,99.88136397295145,-30.52788263276495,21.456537421447354,21.589781486036962,19.940938912720128,6.104019670213534,23.949639581407165,5.450364961512403,0
-129.01610479009634,10.4427487603664,3.039340254320502,70.5814363643011,54.781386427256066,36.17187726369732,-0.7902704606268384,-28.210929652781626,-66.21024649405886,-64.96037726469439,1
23.388187342324095,-67.5982691494958,27.966680686841705,17.49299993025158,64.78541406907564,27.27602874649589,-46.59562326460535,40.84703764061174,15.142728929259253,-7.0281114243732095,0
149.79930270229795,29.707926411542893,104.9274595056097,40.81078806377478,24.301235053821486,21.035685543859557,66.67453465924233,-112.36561393061885,45.982477503364755,23.639088455607943,0
183.07100058973344,-26.800295011229945,-3.7828662520569725,6.831957774348537,19.91126760792157,-79.88446412244242,38.56350864245906,-48.208285562494304,-25.17784854097207,-56.948430765227094,0
106.17509774600799,-87.45933372596056,33.09620793294504,-11.908472980229329,-60.18198265664572,0.44211446185579023,22.17916247331539,-78.73142934905722,-14.492066120789689,-80.0244099600194,0
55.69886379527945,-10.874378740194334,23.78308586666542,-50.86719361111335,-61.57040982120542,19.355407483094655,-2.4381216155988903,-13.49028845326773,34.41651912497094,-44.58012461097493,0
-28.348680011439892,-1.0562277302666025,15.792894302656446,-43.364572701481165,-10.646316035598854,-9.9909067501207,9.288712977430693,-9.008204895683628,-1.9784920046408099,4.582191506799467,0
19.00961593348796,-39.838755393061426,50.8184686735705,-40.8368937532326,-29.34301804512477,3.0332019409775652,-18.94373846395622,20.325655463027704,7.289501030950039,22.462773008800824,0
-9.100352111839568,22.16156325894423,-56.30553499154416,-16.59659925719308,-29.67428690972528,-53.81930465516352,20.507437153840076,-8.059033585643789,-42.05910339370371,4.753339780496162,1
-45.944260838147905,54.7039505990908,14.709341440728569,-10.486548008854355,-69.89236776618273,22.43325652375301,-17.449749703123356,-13.796199608221395,52.958441027238024,-10.617398465921786,0
1.0122071891880697,12.92393355254671,-39.096086359113784,2.679198642379368,35.714784018805155,-29.791750671145298,-4.61932698034309,37.55300837105831,6.989708309959715,-11.17496863725983,0
-64.69913866210747,-73.4170211089868,19.023228152630693,49.5632394189175,34.480507104031574,42.49110649614481,-25.975609516071536,10.127167456166747,13.973778578213963,-22.912611441787487,0
23.688849214085263,-79.56823676981065,36.321736517682126,9.144917398627923,-52.53731276877214,-4.2258116153985155,-18.90048009796009,13.975136128059619,-14.774934915248444,-45.643610646456615,0
146.88867761442074,-93.81286808172001,55.75282787000928,4.564182615818776,-24.991147106098683,74.58857192867123,-18.55860140539331,-21.787528276641655,33.93015132844811,18.426848449564293,0
-8.386593318024941,-13.649087731828008,-20.16056010525757,3.3186114360039776,-6.322116712788295,40.47306563433381,-34.997517063505775,-25.02528958727523,39.251797860683084,-25.550953765176928,0
-16.517315335274102,52.773900410123844,-40.62137176963436,-9.076927981610366,-25.503744596078455,-43.414353446616694,0.9230646462267531,10.408257316415527,25.12905846570755,-9.190123434533946,0
-71.62576143305745,-6.8958941728673055,-37.55721469119819,10.600490100955874,23.865366492262726,-3.3321102618399747,0.9399983912887818,-4.633814757515809,-44.73526980074482,19.59133102446646,0
-90.0128574905463,-5.218597314748359,10.4318138701642,-25.928141431801706,-21.639500216768532,-9.736555691780854,-6.839853403967573,-10.247570341304783,-50.62737798100288,15.178301608631465,0
99.8659581535933,-32.742123965991354,20.8975086928156,18.39985025225273,-24.019227262830974,80.67934676299892,-25.63095112605314,-15.802945831866884,28.53261949156502,10.567034874142086,0
99.82668261837459,-29.75906003346015,-9.423956801820381,-32.656839352239125,-103.00018411952225,-11.622019481768282,-7.241956764692037,-32.475649108982914,26.62933533944955,-47.17503095048458,1
0.7313969525975013,-22.185879783094084,-34.99047905299619,-5.538739586791513,-36.25831161543533,-37.51239885190607,27.2448032906729,-28.2871742202698,-45.88840654478328,-13.563662878449803,1
7.346585128054043,-3.5747579856238416,30.04687141123307,-48.542897851200514,-35.66662298510549,-14.595683356912012,-17.447693765387093,28.94857404758105,21.757863271873777,29.277452837128088,0
-30.19814870845419,61.93613951059904,2.094034208610947,41.958780650592395,-67.24180576017501,-39.21297315765409,-48.73743166971675,36.39443057048854,16.399927356213926,31.39244179688247,0
89.97399710432184,-21.196813017279936,15.734021083739023,-25.65818262838813,-13.763193270559489,-35.12464671328612,-14.198379361906591,28.15435672259687,-20.762488665464314,-26.010084881909474,0
60.25355766414184,-27.478480462590113,-0.30885191582586713,12.466313388008341,-21.230779987055552,12.931444943358196,-49.46021020653391,31.918718489974854,3.9792529903665734,30.16142853260621,0
22.645696988510956,-14.683819615887385,-23.35646716504001,-22.36691032819259,12.8305154657663,4.440653418134615,-14.368735180867139,14.951755203874502,2.014388335183692,26.630774143497938,0
19.893303431793726,-91.66774086194923,-21.544859306932718,-5.441509390552571,21.174396686608244,-7.187053660035662,10.44636676910694,-1.875614417530031,13.50262885668168,-42.86273583330347,0
-155.26234956597548,-32.97017055386747,36.352131939851695,-20.454767926204923,-17.634073926949156,23.21048112398321,-9.300123696763592,-16.514754406746185,-79.0525318526758,15.55324490248086,0
-41.60630524208729,23.75192311614439,-35.52345624518352,42.160128396305595,-12.119245017743099,-34.673950574994805,-12.478515614091672,27.60328345849126,24.501858207685995,20.24505737136942,0
-49.007518181864604,-9.90282105912837,70.33771821005175,-24.598511823938104,-29.74883990620885,-13.453159012031017,-4.449910772857675,0.5794517943595364,14.199064162666438,31.08327978217747,0
-5.117402066559595,5.488092037735031,64.42301978047053,-175.6073664868323,53.1615086512331,-1.3698475729414605,-0.24196555107908702,16.335719798762756,-9.767272843437686,11.028458150146868,0
79.66865663129329,-37.99956667186964,24.273825294171196,-26.613400587762214,-23.473935641851444,-44.37738934800176,13.425937147304943,15.443190771893972,-15.62367690981565,-39.74808974225993,0
-14.543694500348975,26.566331913658004,-4.997433271211459,12.432777817211685,-4.256099905804089,-50.33467839435322,11.831365405371502,16.42293338474003,28.493787213405724,9.937990124002473,0
-78.33517910452052,82.85972721914732,-5.8460739694011075,-40.380622647609634,8.725140176843713,-12.846040346991455,-9.139741024622461,10.60992694749448,1.5321350685573396,25.43839966570934,0
-62.1283753545321,7.924254179425425,-143.67539522274944,-34.9206291909443,31.16978532267299,4.6506547687869375,-9.1223370948606,-64.09592482389813,25.806112397022687,17.157190653231055,1
-11.309180367619518,-56.7889385207471,-20.93999946587109,-18.22929930564847,2.8488496641603205,32.33960645728217,-12.41122761806056,17.927069193824074,-2.2768670657338568,9.253586508606352,1
-38.95050281421101,2.980062005951654,-22.383777525344744,-20.408215316665522,9.56632924728466,25.544181263363278,-30.19893244189846,18.4389036399094,9.432339386856405,31.20211395097376,0
-52.19678276050345,2.920779328189583,38.06196503080284,10.22256362925891,9.360837130871673,86.26723366866976,-38.20037779128229,8.913232924281804,16.721427899558854,-10.443683476353648,0
-150.27140930323262,23.629278793233116,52.038900375063896,-132.95526202476324,59.67037943721761,6.201166033383049,7.688408862247836,-42.81807500591201,7.679077098707788,-28.288848242226383,0
-18.689805121808526,34.6346152596285,-17.75220913759807,-62.74992475954528,-36.824079427125476,-18.69394200110926,-16.103363856470537,11.420197166436742,9.29418074541669,24.058949961957,0
69.25221317534374,7.483601424265787,-31.677556117352992,3.0723765733420745,6.8768231332455425,-27.952525487239445,-29.17754111275652,31.31189140167116,21.288233332167735,49.892008867032125,0
-111.74221011649375,-19.429680395269255,3.580320131326236,-21.68510159959097,-30.711094753691143,-2.0009428152235174,5.282965928633178,-25.1537297251666,-3.722765883419322,-7.91755649437474,0
-62.99657185598817,70.99154167156813,52.13857609861845,-20.259041715375517,-50.525260421232886,58.88287973375105,-40.659813633616196,-43.72610472401798,38.34357789011388,-3.8345290181692477,0
97.28364388880378,-59.579002945692,-15.342446096472907,11.032799151299988,-16.60180264297977,-0.4846486635172746,-34.04727630238513,21.160447994264125,-6.4381712522393455,30.35597243145766,0
-52.23997893711439,-25.863976519504806,66.4845957201453,-2.7714782802575733,-38.248424002778854,-3.24870327919674,-9.096984363041207,3.0004951804972912,5.94913508328138,42.220098645202306,0
-45.04473303146009,-30.006235355727505,43.441540459295396,122.23238975384909,-84.6780363993835,-33.08046697593565,22.904688733597393,34.12664829231516,-6.946878706428554,-7.028820126886091,0
-49.39780754817843,21.363616946873247,-3.184722539877868,11.85226179225751,-27.789095913458144,-25.75342888773822,7.104925818715152,-11.808725309864478,-69.76068413253032,8.901307114572814,0
71.24769616269165,-55.56365929821994,11.67597102468448,26.83513651795344,33.74308123137432,-8.314060858364021,-25.39137308460765,14.8656241269952,20.799907058735016,7.585157593760948,0
-122.73594467955749,8.960013630652925,67.87108254832182,-28.457167298040158,-3.2213315696430445,35.1134668730828,-22.33058870685707,10.706585144791836,-2.966432340055638,-10.318566559034686,0
-97.66620930961261,-41.905677777899655,-60.02921602583469,28.608120675951703,46.44668569497277,18.38690515553678,2.606606981902399,-40.26096779229909,-31.969571856213378,-7.078664709787268,0
33.621764970030796,197.42065502683758,-94.7447161344454,13.65324548315381,-45.23665142024792,86.16909687262029,3.601911487807743,-112.98235997176758,-79.01889364602978,128.70762879740303,1
43.50032225928369,2.3335150035695826,-47.64939957465339,-2.0587561622112447,33.604829101250964,-33.72986445592939,-13.637408826683593,37.14223593375301,20.58299770108101,15.051993786572677,0
-50.640267131331164,93.83649024123967,-21.095304053045506,4.267538245834968,17.542797893110016,-51.144358053443945,1.1643971443591628,3.8333039778018163,-4.436848306491176,-25.781434202886786,0
-27.04552717017374,51.79790803546504,-15.501505726695742,32.0908487121915,-31.090118689520367,19.634021086732815,-12.94756781379522,-5.8790974215628315,41.85028808350852,-25.10197796881216,0
-72.84684660507965,44.88248188922259,23.683269167619958,-24.493841774493998,-47.196098468645644,21.568958038132262,0.46661749364295074,-18.577227372607712,41.54704766547459,-18.81751796489818,0
-76.92000288629744,-28.222164701868024,-27.152674288633982,30.710237838741197,23.172779536662524,21.86135243946789,11.505055696396429,2.4107303504006103,-72.30343212840984,8.836186059499871,0
7.3637813110784185,61.37097094513848,5.64128064098825,-10.69881078387,-57.1952733578863,-54.35586984694471,-15.965930006250085,28.348902593291058,7.517425932538776,13.547856746911375,0
52.518505932124825,-107.03658202538374,-56.26185153414309,1.6275122545644294,19.70774498561934,-12.195627438075599,16.18790612030131,-38.20049711126943,-51.352928587007234,11.538658068227257,1
-71.47720750236407,130.37337887704675,17.54910080658671,7.895611414018904,-43.93606697081813,72.16711361418055,-23.91563065086615,-30.805211575640918,41.667282564553446,14.359911445270782,0
111.45869178951395,314.20512255280516,272.1639659232386,54.66590606346902,126.3456519693103,88.47400995537065,46.45203751803685,-17.019992463234654,5.772595956604144,-19.78729671479802,1
-81.57084118248649,0.800898830109425,-25.783389999478395,13.860552050941001,32.8559220737533,-13.399615328147357,2.776348933001931,12.112126571989348,26.331292854560186,33.208279426835794,0
-54.37935887952755,-7.461088840340859,-29.869649338864786,78.36763242271982,71.32804446628707,-62.140570648825346,53.572886847081406,-57.79522644209686,-50.809601725138414,-13.38228905317685,1
122.2747474281663,248.25363856876083,141.67161859818506,99.22737837894164,74.09586606378663,-18.150796889731748,99.47230709492739,-75.92316680478982,68.40771508983529,-7.771634723480765,1
70.72696510894627,70.95615682474043,213.97693042834317,29.306252731558196,28.901620663406522,-13.878085879760361,52.247790061539526,-10.702792515874814,73.94470392743261,-1.1014971366862074,1
105.85645773408399,53.30779736835384,10.202257081638257,85.56384836986695,8.830237375568265,8.771033563429452,-29.651823468225743,-12.795799512293865,39.04660916981578,-29.80223788960407,0
24.765455698400707,-36.987781520614035,13.38957857948518,14.413357970029956,-83.58323643119333,-61.468125570725896,15.969589416813765,-6.5352973623901915,-12.108960314695246,-29.302207775422886,1
56.76516584752923,7.712173180519918,-10.096894393213864,0.6247358631176072,-41.70918157320875,23.068461665133775,-14.736416174759139,-29.85798601825442,12.37647973453628,-57.632306961796424,0
75.63160225396499,-68.81179672761503,-49.19257910472124,-15.145430177234388,-50.79798715882855,-23.28770666561806,-10.359049462470862,14.986928680986166,-2.2245274232103407,-33.92055786487057,1
96.35310024489951,-120.21764629509777,-11.032102662132601,20.37124450949171,91.40789637111145,64.4451007973963,9.366781269354647,-10.655109788003744,-23.480067125024352,-45.8996928972485,0
-29.99314514295051,-104.33715953125358,-19.848165184031874,170.57945255910508,-18.083615577786613,1.006970313099565,7.710925336543398,-22.92083343651535,-26.122550533469724,4.289350069759549,0
11.440759831141586,-64.5297356981939,-27.10650690840225,0.48369041200780366,62.7106829494976,26.690433624693572,-25.889218560560412,-9.051022664640504,-41.539835196353536,10.32723871022195,0
-5.691816857573444,-42.05061420506655,47.41444469896914,-15.300859619048067,8.475395952492946,0.5980023583286499,-17.964903727084597,10.156464552798212,-52.14760384256475,51.39508106445061,0
118.63022867277941,54.936124055663754,-0.8247470664928985,50.89110710528383,24.135305262562255,-5.6376840545707205,-43.62469279889205,-7.5428887580596236,41.44346440462726,-31.887627736246415,0
-6.020897554275414,-20.96428424136967,-5.444208356480035,-85.12785021720623,-63.065805770103005,-26.097544609633417,37.58053173676022,18.09314762722149,-5.624686678026914,-5.6552669652938015,0
20.19946470291316,-73.62544254741009,-33.500038650687955,-13.305293971810945,-4.80508238335229,-37.96821445004407,2.0530897304138462,-38.923775738783206,-42.93787896027915,-29.470505844146345,1
-192.77273650560767,-14.613924803595763,23.36517810861507,3.566397088570061,-21.536707324325093,-2.57248825038864,-24.125272855953202,-21.720725576823472,-57.634238944699575,10.102930001412943,0
72.01646949261045,141.32098830321067,-136.85766874704208,41.32055519639511,14.77139055366784,-29.599687395560874,-25.91631673083646,53.20930417167984,-8.581589960860168,67.7433855138494,0
-132.4965670413682,-5.106634100453802,141.7775769040803,25.62591582559097,4.692036047179011,58.53122999035182,-46.369704866904264,47.312412165394136,-34.19453132623833,-49.84192062999535,0
-80.25082827421042,-25.651934940150966,9.195140277186658,-28.659600558555514,-37.39438720650612,-12.61650302810641,-2.2280378273644694,-8.829931879884205,30.072474103764925,37.9266383798898,0
44.68934567875844,33.8873570755391,-1.2135065977822288,3.4455470406000526,0.33975479376605644,-31.80351849708346,38.509313082053694,-48.66529468006872,53.67810891178317,-77.12105126259365,1
54.88440570705893,38.60848677478215,49.974622113602145,-174.4481717427369,62.67710943632476,95.87392949645152,-55.09865169699497,-1.5606848594207146,-23.37904909650665,17.81349219525668,0
-54.70699645909288,-10.670330393619897,22.70497825376264,-24.7397423343734,-1.7662195067259419,-9.48324601260979,-3.6381916966714822,-23.133906135950316,4.025840502384209,-40.95537552245105,0
-81.73561459781448,34.673519402709616,-41.18006914141035,-149.99213262692163,97.7785483945357,-17.437519680029414,53.250261651332,-41.74541121563947,-69.21937313371664,-4.329901274628022,0
-42.38101041756856,-26.41075899668794,30.97211671193915,-0.9163274913420685,-22.264577639494988,-51.55064912016174,53.690463580821515,-13.934721427666975,22.245148157513892,-9.962295493538324,0
61.31406328278803,-51.32370996639317,47.28609999747524,129.2984945325508,-105.11217339760785,31.466147793798555,-14.965706120852651,-3.8277229321262283,36.74569896739398,20.942312767436185,0
-29.90372657946929,-26.815446789774878,-31.187374733008763,42.305909126933024,-37.923427281302445,-4.262857515255643,16.598310821686738,-29.171139525401344,-57.876936163631534,11.516986873996817,0
-31.387934569605513,27.10623940750094,-35.04967017578725,13.612017875205533,-12.704254025009938,-15.485955110251798,-12.310074959243257,6.389981578629095,4.684948740083722,-3.339298952216113,0
-79.89698396482679,86.70977395598695,-5.796993395644858,-11.728273289295942,17.09724496298874,21.436040785864815,-71.63699154756773,46.12135680283656,-68.30400569115012,-72.14377611937634,0
-25.83545790557773,26.427830672042873,-19.458746970891113,-19.61809768294021,46.40953797793717,-6.513793028100952,-12.674119997875927,32.146807285386316,1.4919317106522245,11.080190961070684,0
12.614162809064892,-53.32196683024974,2.407902561856241,4.2005923237245035,-10.279137053522193,21.485768663338636,-34.58678600236381,1.3132886359950664,-8.942762176593808,51.16449237065764,0
19.083976412808784,97.62343331937531,1.8268194414484846,13.678039499130216,-4.573790650017407,-91.46365010080395,12.405544210485134,25.81070767221332,17.084889723434394,9.856594397305575,0
69.48021359297334,-71.49962980455508,-16.942533489730362,-1.0698262869783777,23.683388496118496,8.932917100946174,-22.19574677805683,52.28152919749014,-5.809838035061466,29.73666855054001,0
79.87934507709845,-55.313206213289156,-51.442416301586384,-7.353826410629654,-11.52831651051457,-34.52400856760462,-6.4765357090499185,2.081783506210639,-66.19145200411998,-37.53895746145665,0
-36.14913231175443,-10.05117449181818,-20.93071454402689,20.523447539234304,13.29312330816853,-21.078666765793432,-3.0318046960710263,5.561039411147617,24.11964676634574,-12.70525318267089,0
-19.189341402411493,-56.38443367671845,55.07564731833386,-13.935679677430697,-40.29822734090782,6.612943041958977,-15.386150910262797,-0.1764348051133121,15.588595717964221,38.921943394543845,0
86.83291448759216,10.798214276240605,-44.660916090993865,-20.17966981799354,-24.08416316220798,24.41425795822738,-8.741000751659179,-8.634260650222712,21.540197566192276,-18.355078342849957,0
123.87217077347195,-55.74714808713022,28.27215658942006,27.789360839752955,-17.05681286629025,38.506837426716885,-2.8444622411489755,-17.015118730682552,12.214642169133253,14.53446059083741,0
20.32154123679109,-3.000451850676157,-0.8892345108517767,-13.252346484643962,-44.337453994307346,109.74366312110745,-23.700960178516464,-14.871699640617171,7.379886955169522,-8.601311257101314,0
24.135863637544297,4.484957486539189,-56.70610726822205,1.8383178006411847,-18.98819892911732,42.67007537193403,-24.68443517107161,-6.343780468908737,32.45972129438312,-13.410540762933778,0
-78.42481114421716,-49.34159437132875,-1.095756608989374,-0.2345397565071614,29.609212581643515,16.793621381800236,-2.6106689619764354,-28.55732485743246,-43.49554244512834,0.13239253743161783,0
52.420876439426664,-19.821471605229053,-12.807430150298357,-3.8594753727256244,-34.048054214148706,35.742583328316954,12.140375848664847,-11.397475674986007,-62.556456680456094,72.22047860224328,0
-16.12321075136898,-63.17113685416237,-0.5934632205967693,45.604252586982035,-22.509770295220157,16.892563094256825,16.0627088924781,9.746495783050783,-7.305403974782044,9.113448116175462,0
28.84954768557074,20.6908559473011,14.664544872415622,-10.59745074158168,-69.44021071779193,-1.7700966363994728,-14.987961738461106,-24.723324436256007,39.27348734059248,-14.658536815209226,0
42.3597923323194,-68.50107600925912,76.84416030008671,7.111755251408467,-11.07192515546993,-35.496413230493104,11.664613811052401,27.933823437934628,41.88711398128972,57.54840560333315,0
-63.12769221764295,59.12185839250428,-38.19197158875055,-28.236378150307512,-0.8684603558225482,15.135844548293074,-5.829587213565289,13.568876009691422,0.46152738041542163,8.692281638790432,0
-25.204034506493254,-3.1816356243946053,0.5491657820278584,-18.855974743974915,-11.673220875986036,-9.122672943613665,-36.464885296861446,15.667040013627258,17.842798790266176,7.9140804105741,0
-61.61022819076959,10.027583111203032,9.176662522645723,-19.034309410172984,-52.72177274374552,10.924431762072802,-16.06341759165697,15.900438553379603,0.3451193097125604,25.752846951721608,0
-91.88045775876226,19.77492920015632,1.6497246809728374,104.10372080145801,-12.329220064394974,-41.3156519458466,20.102594766807808,6.777649132502139,-13.123931637880126,-19.352842368433436,0
-41.409459129378604,23.121962845760283,-17.230809243502,-43.204522516077255,-15.99680368791081,0.40544325898368067,-21.683501810588403,2.380062283883564,8.698353092565153,-9.94769738060593,0
-123.38768762109049,78.3669878121773,20.739202244121916,-8.571009502974746,-1.236817211649131,16.70111189725544,-3.8127210415389126,42.31954154242077,14.375713218299275,12.309684444404677,0
-101.01822078017071,14.37664383881871,58.60332989321872,-6.4897141900769375,-11.240404616660188,-6.219391644666355,-5.9836102270821945,3.347684654179244,2.392689140855877,-25.23700501077364,0
22.23817678361596,6.9098230806343395,-93.58887236213904,-10.504219757546302,60.802563857228165,-28.767514092614665,-11.4921095532546,10.010830562311702,-18.065150751205486,-10.172010772962011,0
-3.626717274525957,13.441465295239508,-15.707398418102102,9.026946506997193,12.914428213018093,17.075397722059467,-33.5955328208255,47.76651812671712,13.495152558338388,30.6464574059951,0
10.759871141903119,-15.824973586690266,-9.033948165124773,12.114821995863979,-34.48931716034968,-26.40033619819555,-0.7034647319315933,12.599681456295421,3.770381050775459,13.256164253727892,0
-128.00030609465546,18.02870034570038,27.174186370501854,-27.748900576068596,-10.403093151920643,-11.714266506893333,19.135054236607022,2.2100131205878664,25.683668799140147,-13.28676772745952,0
-32.24648276333231,-9.864205847210943,-189.70229480537617,0.8234530295855707,-79.46645830695171,236.8679547846582,468.89626441428635,268.08253368741373,55.93214426032943,-37.505469654148776,1
76.74198511131114,-59.318563857830576,25.235199718423456,8.402015414773976,32.76308573951486,4.698736710891523,-14.716953678367554,38.0078520808367,6.886760026570958,29.41335160768138,0
-107.48733530213352,11.813844638897145,40.20957456929553,20.895241707113726,-45.592770193880284,-17.3868167974961,-18.52156969514617,7.822499611509964,28.137915660487863,-4.158802054864204,0
14.31497062801662,-47.97721499887074,-16.642613644130982,15.670265128911693,36.867217147380956,48.13618348488156,-13.665800808449447,38.81808751915087,-12.561318333656303,-7.952067917828674,0
39.000392371776684,-65.97244889903315,-6.975799340944674,48.15896200041873,38.75717119145643,16.346089853410422,-16.6837557157575,20.278288500402667,3.1301445209777508,-9.250461429523394,0
-85.15439323753672,1.9158446865782823,-57.67265107306733,16.466751903322905,95.08873612024583,15.76073341159297,11.178688444882992,-20.331339107283245,-42.43321103341526,1.237449885163726,0
8.653507410018749,-61.88273308875211,9.348031558166916,-28.071363931635975,31.716567638547364,18.945904624702912,-26.053722462353367,20.83439382869754,-46.83777242330865,33.1740626744218,0
-19.27848772355908,26.83095239680218,-43.086269791668904,-47.63796398260509,-16.58242391912479,-25.529168820272478,-11.548474794441171,-2.7362019402471818,25.050599063046004,12.269891441373934,0
-9.622060901305632,9.568579277948045,-89.33824926084797,-19.522349901470697,15.226689934785647,-0.7598191807186673,-14.544303067939646,13.288581129880262,7.8027039156137095,-11.712860405243594,0
-23.794490221056215,33.01289364694154,-49.180674050382216,32.29056340751993,17.917615071958984,7.06146637142927,-46.28883712311002,15.563740862983291,15.473796634106938,-12.386856457725345,0
-27.01516588884527,-78.26661871906735,52.02182217307622,42.77080528837641,65.75428547777746,65.611229357392,12.01521490898918,7.885696974572814,-23.694507535683915,-34.243227262859214,0
92.06146146004848,-89.76571045643587,-21.716871696309163,-3.3563664992370903,-4.5748077154914295,-11.347232519268701,-1.5270322225840627,7.2801686249780415,-21.81986736868358,-59.809979110777675,0
-26.89951915059085,16.530592957007013,20.785477286991576,-19.313301288302778,-62.45036837997055,25.90670302586335,-27.96236498512433,-11.946872853969571,34.83219385871872,-10.525479497340443,0
-88.04661548182655,18.696014630412915,27.13100291930883,-38.36515222590772,-15.756184393760641,-14.311104035909016,-22.40477064270196,-6.350164056217433,5.226422119472844,-7.84680487534921,0
-26.98668546609623,-6.445148192560297,48.44673554670876,-50.21959855912152,-13.41225637817073,-24.671678905658702,8.675287993763389,7.18806349398397,-14.531656046670248,-38.19603647406937,0
-38.92312832707808,25.641622034449686,12.099704535647268,-63.42781688511792,-39.534616470006696,-15.768387519847115,-16.546468754304467,25.526450244137447,8.565709542706047,8.573238513019968,0
-38.10211707355819,63.18470681213934,-70.30866360261788,-16.393421996855704,40.01491452263559,-53.61344397455368,-8.28817323481278,6.661781798428603,39.22548317866042,-1.5839554119936716,0
-85.04911142535246,8.664440193772109,127.38994313308744,24.405185003649876,-16.626247064685188,-23.94182542246563,-8.166867967974603,39.03324219718253,27.268840252066084,28.813469864006308,0
105.25339545741691,-13.938870235289485,16.94569712501162,-1.91716645857218,2.4139351255345183,40.071589152607906,-31.0607320273236,-6.281367843746434,28.30633561239228,-2.680216558958014,0
-80.3003034591776,-14.2086513456027,-16.118801877807503,41.75820196239274,49.6913524674891,36.6215922241618,-26.061476432129414,16.197143167051028,12.724449693402232,-10.167783116863045,0
76.67456976825805,-39.717612230896705,15.449424256473488,-25.733902050896866,-18.378991112188384,-2.3556110081912562,-19.571760227406603,52.55109793680644,-1.7977191630918608,21.140142979469683,0
-64.11040528899494,31.40338845489928,69.2236052247889,92.96489072300062,-8.361414134684741,-37.16962113239461,3.0833424204682442,28.838974560922043,-1.4479614071054425,0.052449060711755646,0
-23.338378739598554,-91.52140447709512,10.319178945140143,-6.337826319411801,21.42345453418719,43.55042230743743,2.998199198896298,15.56035575808623,-9.461673512467264,-19.683513319546996,0
-91.82817239549986,15.470398490577738,-5.32932122598424,-19.433938547171,-39.36816389091134,-4.733442290463162,-5.918890027558685,7.349846101199083,11.964027015972006,10.4597040999373,0
-26.708920994309953,8.607741999637712,0.1438245060354356,-62.07532499987997,-7.665665254937979,17.61424237075052,-43.487110776415,47.71844712796801,-4.324122457039059,27.092629356648,0
76.17399872521024,-71.29847808909096,-4.296533789576018,-1.6993734155725888,3.5113173169989573,39.84679266934148,-25.168129211063825,20.020679669923496,-22.69347830648392,-17.51617962355751,0
-14.766629842399707,-85.57389336002639,83.04035730597192,-4.9111435146136095,30.36056284888212,63.02485562865521,10.255604825031734,-13.453856362757929,-45.03731927864139,-7.092156006887551,0
9.143483636674832,19.005944634633654,-58.18808637518839,-17.137229077272412,8.81569678406107,-34.423077073631234,3.128655366373277,-4.955979354385889,-5.2371405791071135,-16.005188036123684,1
-3.5495262957558817,-8.951214003157988,-22.399111281444664,-2.855161199999965,-22.785060258782284,-68.16042946115293,44.958567178483236,-26.468642396902464,-68.31597801829994,-2.54189204943007,1
78.75824787105022,20.942249896341586,-0.8266547639833491,2.3777398282250175,-55.01987898998504,-74.7760633271303,1.0683575849897136,45.006278897331526,-8.482339422909307,-38.03022872857436,0
136.5222035760805,-83.19187885696887,-20.48496635287579,17.219909180909152,34.44415954725144,-7.169570353015777,0.3288099251055997,33.66339782325768,1.8370972846039373,7.908479194863071,0
4.665313861434335,-8.766627675675004,22.996436430045506,7.914816411412403,41.28005273778958,24.529993236801065,-30.15456457111328,48.865672746771374,-20.215435644949633,-12.473157922573687,0
-31.20090330557727,-81.11936605749285,-7.8580863938418295,1.7221636411533336,12.08032944279775,19.922791739618756,-12.106959659174327,-1.6400656446276185,-29.61269325734141,50.052685116391345,0
-12.715274029765467,113.60934083401142,-24.71333913553106,-171.9712319280817,35.650117176882354,-5.719351899831261,-21.564271542511175,-21.881173679595353,44.659410817382216,-53.58860592566709,1
75.19308008508298,-24.666379673341474,6.613783965181816,-32.490107806983325,-56.63686989348365,-48.947249198803114,-30.132221572643736,19.025418462082968,4.354770090697281,-15.863146541981644,0
-96.22008170255864,42.93957484575289,10.83645092625138,-4.021706845452104,-38.07675492924402,-1.5344948533287608,-6.182733825000525,11.506571067199424,27.364779206700916,30.25200736842712,0
-42.79483431697447,-3.8721783389139115,-51.13574823815758,59.448786941661545,-27.588365387747842,4.548587840445381,-26.357349824148486,13.71661014483059,16.704134637553274,3.4402919408942436,0
13.086496607928405,-108.73273490176787,50.53391403963379,-8.065464975413482,-27.198427781557786,-5.12334317935804,19.62014917313301,-33.28377372744658,-57.42940907914834,45.69129372523639,0
75.09068795237238,-21.81427103690644,-0.3580180900973746,-12.493037143187301,-49.416350627724206,1.1382767416280064,25.582983995741873,21.707994068491107,-7.8978114808082545,24.731014468288212,0
-90.07010429412809,61.074353616766444,28.677217521375844,8.478066446626004,2.1109275496385664,-37.1685737913856,-17.98838436466584,1.5118575187737477,44.67671413126035,0.1407064242832351,0
-17.916338534043817,-49.5683577843345,51.99757462854733,-5.88010534643754,38.58633510151797,45.13962888574127,-3.5055251163228736,34.75162409918651,-18.175087909819577,1.8904955479052235,0
62.34377221122196,-20.292203714716557,-29.52276222428099,101.62138383189352,3.024832566526585,-12.30015525485292,-14.799576993049127,10.139096989389664,-32.328743212752784,77.68282025520375,0
-3.9355706209092376,34.67603743057594,-61.563535584034916,-21.11874922642729,-29.94601349478651,-68.15964767941325,43.11000744426712,-2.8667839158954176,-55.6239222455384,-14.58853092964324,1
121.5772255470301,28.607069280262746,-11.879121831418024,12.982905512918732,-104.92805611296451,-21.471144814283118,-1.4378178112396993,-31.442748032098837,-3.312898761786473,-47.76758363077356,0
17.08552315299581,-83.59384011237292,-45.76276915099002,25.82991105424852,-21.663903935385083,-59.556336852628014,67.4004712976031,-82.59482748070808,-36.67461379106203,-0.8804000080577078,1
-28.39877047609867,91.07948558351184,-25.700141984824594,11.839892435438507,-46.958832384033336,-48.10206923091093,-20.874668539569473,46.10698520854189,13.01285854921724,14.699175595640256,0
30.27756420850885,77.48568697339539,-66.2741010069275,40.77395962499932,65.3521964729779,-73.30152968309739,12.07117512525028,-8.933842847393938,-50.43614269764508,16.762969565836794,0
30.02387811772502,-7.519194172672433,70.83264108752735,56.72125376440687,60.130587845565955,5.592920282690026,-7.885998909096067,34.36708751124428,-3.2556306209589008,-1.586788867115341,1
150.75161532618833,-6.123252792757673,208.09701527172976,27.58319770595589,114.72978556917386,-79.39710612652893,43.17073441929085,70.65139045391759,10.05552504449887,19.975685314846142,1
131.75755789090286,-6.6626940870748035,-5.5773726324676645,-59.19579997610655,-73.04640943851568,42.902447882591716,-8.223837445884998,-51.74287067663741,-48.048276118409845,-100.94926356311163,0
-49.920327797507376,94.59463050981601,7.343656758567688,13.089641135849805,-67.77890950849482,4.268788949983642,-13.190927259573082,-4.932673106811239,46.065945008269324,-22.47535358056783,0
26.31309449224606,-142.8812379442937,57.19303024970068,-34.223290481536715,-21.5221217608163,0.16947974891248593,6.397461222418029,8.798458572569345,47.371857978387794,47.26775955834574,0
-18.245235721340304,50.80139436457401,6.260629679043986,-23.2836244159648,-20.3462651736704,-48.228253782226595,34.09395948919328,-6.697614399054416,-12.633285798408467,-7.435282970827322,0
-3.8155743004391525,-46.972312681936344,-5.474282515977247,0.7246726351206876,37.776501413194765,6.102834413387482,-5.827593916500057,11.105182362099857,-48.90313931422839,48.48901732679725,0
-6.3474801661927005,-10.518661139209202,-39.20266542024735,6.158823537423548,12.925017783669047,44.407326718050484,-13.733358043042893,3.7200051040111677,4.135004688141505,25.444214778886142,0
-113.54032506341623,67.78082998483373,-12.604021863358163,45.55424135623315,27.441358977128676,4.932388642401909,-26.57080457275004,24.42537839304915,-19.481677326320526,-53.45577505424908,0
7.64031333929309,-100.57488484556347,29.67967149838036,38.36043206326399,33.79440921304948,44.598618601127264,-36.77812729883539,24.356200206487774,-2.437909326721092,24.849551290676043,0
-62.52305033479922,73.19927779103972,-34.6609866719446,38.75757818588869,5.665033919400147,-59.320505672726036,6.246272173403086,-19.252165078468046,-78.65168391663369,8.580322541833091,0
-58.55697118604244,29.37862563222762,105.03206521401597,-43.60159159011586,-4.546241886993716,-70.3918241156557,4.598229778259141,25.428687169459696,-1.2725421217337032,-20.427766070496865,0
63.73830249131702,-23.900210761448392,-39.20703942424763,32.97443962605491,-30.374910632504267,-42.37681105625224,-30.67369405553291,10.972887384843107,8.801957013893936,-25.14452826828968,0
10.500850404611805,-46.19548155509563,31.715228438460382,-28.250382171292074,-89.8119187689941,-39.42817448502878,-9.243911586949523,-0.5764053683983335,11.149834727293184,2.0273182783015264,0
117.12428167888731,10.090529437335729,37.719057297276166,-7.01886018824893,-23.53024778215729,-41.242783413835156,33.37510047221775,37.1609138573135,-22.374130260438935,30.53522587779078,0
-44.342440957345595,-24.19444098931176,17.17817207271626,-47.59494940344485,-8.708360894350497,24.549685898884743,-27.339573310437228,11.161413194165753,-8.083555713920303,1.6102108205711165,0
70.96370861686862,291.21057677566273,19.78441248953377,-2.065665356328232,-3.610718669254596,96.7381767095381,25.48968606053026,-59.36597292491291,-53.203747482583935,62.96268108993335,1
-127.8409644565066,11.689859379493724,7.993000640734151,16.809839156680276,-44.19209345181122,22.79649159727354,-25.695360481066434,2.4829276264801576,21.135269992846105,42.59329204898787,0
80.3203281667639,-47.99639335384632,-23.384184609373968,26.360978725506396,6.820697533973865,9.17140307268316,-17.583687796042025,56.88111156557882,-0.8083479550245501,2.4561483716917247,0
84.54222185452873,137.08836659066733,293.73728915829594,24.92457474878865,87.14952748198584,-13.33630656644154,82.48959077328009,-7.1609588334034235,46.274669747042964,-30.923962203317036,1
-125.80313657691987,32.11014247910617,58.58117593755166,-56.13099776844534,4.517660922550671,10.962968663284233,-14.85684601743406,16.79449616141946,-14.732468947383753,-7.107027114613849,0
-99.80141668344308,46.97841541942362,-2.945512523862189,13.992206710607727,-8.784471020655443,6.660524104679522,-6.977308903789421,9.008661816023006,10.31858760309654,-10.01590889806769,0
-32.134793081474506,40.958494416041816,-53.55723575516359,37.06942604436026,85.96810154676758,30.76197024957084,-56.711706309935124,26.63973442277863,-14.65249956193296,-6.842866742491609,0
-17.32144757727877,36.46932931786857,-78.52687159507312,14.937847194761403,19.248889676390327,12.308115750376041,11.57567461286588,26.316380305137645,-31.09989012340236,4.416000681452501,0
53.24257143769064,-52.23732709343048,-23.312109621114814,34.80023372828143,80.4153793386111,-13.552404426838095,23.653502894928167,-14.377465045346977,30.571401382505815,25.890543774623275,0
-110.22314139618324,99.03837933997124,2.1483382509877904,35.48434008631002,24.80986024741256,-60.06179309714822,47.29040704043822,-22.00899925107422,-78.59809401109923,-24.1382734612734,0
-26.57210495120884,-44.57269288898018,-34.775677993560464,10.193242153127235,-22.484373874976363,-57.313866125723145,52.523898641522095,-44.77709180433018,-1.6468168447579095,-9.358805638433214,1
38.05995006828407,-51.74727750999497,-8.524330387458301,-40.00216201680948,-7.700770334189491,12.687455437907701,-27.68699035665904,24.37630322951388,-2.554651285043197,20.011917247638145,0
-3.674529964614009,52.45116856626516,20.44617505558361,-61.30051227210442,3.471613703221551,-45.89269926734564,-26.92523919739093,0.7531214635767017,27.36125808194459,45.75542843395661,0
63.3012053555126,99.10280620978533,-19.85130882909422,-191.90659932074166,-25.82729241793662,40.14708026657513,4.4381910461980185,-85.70635066106462,24.189628098217494,7.211130833133229,1
144.42241858378821,164.99196003802655,-92.68766973251883,16.851742572507813,-63.49333618334242,90.50352291183461,13.16049415359243,-78.09987317898023,-63.83029410609276,80.71154274412929,1
-36.24989692295535,100.69845913694772,-32.39816367581411,-155.38605854219503,63.04145860259421,-11.01445189740291,21.61810495297327,-41.00829226959483,76.25425308993988,-31.08336978543215,0
4.060651283616275,7.788515931563817,-34.9219948777973,-80.4307579254074,-49.867262572785826,-42.47587642841467,1.0083016155079805,9.186587867621764,10.275741833278628,7.2546631655746765,0
58.24494794967067,-96.20184344904388,3.202620081385805,-4.241095742417769,41.765914380142185,43.22443100302868,8.833281689445185,-0.6297465858926748,5.987730612080365,4.116494242891741,0
-115.49433102313847,4.234528860946794,-7.89168195720607,25.462374791490742,19.710927864559885,-29.865242128078872,19.624634152608028,-16.485728618788837,-38.67893149329054,-21.895698349103697,0
-62.19039188063938,-35.42570415585414,25.18217902216006,32.213404999211164,-17.550832389340094,-2.4864319709505254,1.779900398117368,3.9750999963885016,23.712445208359554,5.300057794123524,0
-11.592521515194587,-10.667905868209367,-52.943999359943234,9.416614107645383,32.21705675938239,38.814767290777674,-26.875903212388547,13.853345302831409,28.41023036839491,39.224625106475216,0
31.16171677585565,136.0891554920359,20.901137305548957,29.63480148459621,-52.67617176887181,74.06064542893155,45.234346378881334,-103.71599158646427,14.382094140093237,34.48070333600255,1
-21.103753025712855,37.77950003579336,3.381018149191725,56.78102843858372,-16.285821824668666,69.20118921896756,-3.859483117598325,-58.925641145821395,25.66511216020871,-36.87039649356771,0
10.208128350616017,-29.91377025176507,9.725109703432638,3.206359344740223,-72.6610175539358,10.60357025719386,-9.580238249703227,0.1274098269179048,-25.56362822305251,-16.615370126778167,0
28.225898059323338,-84.166753923988,19.59844889840193,-11.533890141161521,10.755236905769006,-6.467113195550085,9.632768077704503,4.436684681343689,-17.5935218078274,-46.896992447311845,0
-152.6482779599271,-26.693472387304023,29.479452066524736,-29.206978754624387,-2.1845026961202203,-0.5259625099172843,18.34683693883232,-37.613756068158146,22.0022638796381,4.9644979141171195,0
-28.316388940910645,-8.011929918592054,-9.397124257529182,-7.3667175200933475,-67.16998337064565,-37.10421346601128,21.93779715370394,-5.74588981093993,35.72296134703221,-2.7178312321425313,0
-57.1897116347762,-87.80913657282403,-1.4706732891585026,2.563629695895626,-50.64496673953424,-51.07700974320607,49.49194866862998,-62.015272961925106,-47.59384852089711,31.130423802594823,1
-73.65820070569701,-8.258376878726907,-11.439814156868495,-25.96185785636379,11.10167425260369,71.51992737770986,-41.16185342674866,13.856302774847443,-11.920270506126421,14.192389511603078,0
-118.7244205806933,34.23416481542348,68.55141861357724,-7.8241863549277895,-22.419045882226833,-27.068483766187736,-16.248418902509172,28.097458398057878,22.663862491472834,10.259948567425452,0
-193.96098798298547,-57.47446201429792,52.43012094642309,55.983406501449046,25.70738522845528,-4.840913492032365,25.65404211589538,-56.56858253412079,12.736092455786558,-9.885251490737515,0
108.15823319457415,6.101006142162195,-5.327866628344404,-0.016099564512365255,12.87788376573453,-50.3444158790853,35.417602043386324,4.311568602146889,1.846582772126873,-18.321015709909464,0
-109.69290624808083,39.04580579477468,5.549819121169056,10.589045890100435,-19.77708201069685,-3.798231970549468,19.130523946314778,10.501910253012337,13.550435702814616,-0.34794200808680487,0
2.5258313378388073,78.09019734147265,-66.03820597440318,5.641844958229948,-29.04213747889275,-81.05544651361504,-14.890440850943191,-1.071607969553872,7.442609841696041,6.11062059044072,0
-25.23554171558968,-31.644037897476647,50.81552916627183,-16.592342238410065,-53.0975592181402,-7.7202465151432245,10.910185480484246,13.957856046656195,26.125684003743153,33.46494064065365,0
-83.5916774131629,-50.47839592329115,16.89269548727995,-31.870523823717303,-27.186038540314605,-37.10715687923538,27.37327980709445,-36.35450622255387,-48.796548571359985,11.643472257919761,0
-29.84437487053304,40.33676530925075,-41.88746124356337,20.502799146711457,1.7717469581020646,-25.695621366196804,-11.81749072432127,21.087999637853752,-11.471634027687982,-32.47555438218376,0
72.23128144536076,-7.8498585101275715,2.3232565566525074,1.646523694763865,-48.86105456420857,-43.784765481386586,45.236401298526886,-13.763390056454284,-14.217848022634085,-6.350167946850138,0
8.455249744046686,-30.565228043139424,-20.278568427586254,51.22128431610147,38.19194500773756,-23.994514774873462,-7.2075478165932765,14.984303649484954,-31.23623981111714,13.31711791094669,0
13.338572140495373,103.20811744006583,-41.454244272643486,-187.4847608819209,-2.2605880967702165,21.920553943366887,23.95301546181951,-55.17407421854292,55.0657066766087,-10.089214088279405,1
-57.96124217849968,19.771656164889436,3.9243081996228155,6.966057292890973,-33.95311211766177,-28.25779126211181,-11.495093116911969,28.63048387164022,17.297939521788386,-20.370470773885735,0
114.32111851624381,-5.1396534703969765,-28.826286047360455,-5.757028542661303,17.812576803647573,-39.62723351395394,-0.45481707825211654,-5.778370394514376,-7.164817767002598,-29.798771080380984,0
-54.78850923967117,87.91086721666949,107.11434006541123,27.16504240039827,-23.34713562512108,9.04042547166313,25.23244498087593,-52.5979776632825,15.303546019176022,-54.12413798442068,0
-9.972938082119464,-47.99715439402565,-19.114940415714308,-35.65831853211943,-30.04116112733697,17.23427803736272,-11.573982633734655,6.910556554923158,3.0002204901856953,4.446450568014848,0
113.61974742262686,8.265222827873139,-68.40900109467132,-33.91020314514535,-23.10369030977349,16.752587158041543,12.49694651828584,-56.539415047955586,12.585413046616969,-56.06819887601356,1
31.138972952425497,-97.63372193777332,-40.758594630252375,-16.609526793215025,-49.944847205945315,24.260669662948313,0.3136659062791174,-24.74282929793778,-14.253125782741721,-33.48141291936315,0
121.99465987637902,-28.373359600545697,-28.787441817320072,-6.926409311419733,34.42747126058297,7.444075012783781,-29.2263339587678,65.11552055751261,-15.702643018198255,15.959144440199704,0
-36.16377367292674,-77.39052193674755,9.632870236891009,-0.9400960651435584,5.820608790518834,-41.44801652344884,60.3360120083623,-73.69645494385999,-68.46301772425987,-27.276594938908694,1
222.25192077656703,46.61036047622976,-24.187464746241282,-1.4377851128900636,-25.39591523600336,79.9519147887535,9.934451427457837,-69.15688745372813,-35.970648868361465,-29.734107464752217,1
196.27419556650509,82.26513114565613,35.3878316512228,32.9433415986619,11.279393533483498,103.2455701088961,-30.577917144059523,-28.65605558748923,1.1109313269569223,-9.73328457356235,1
126.07254511191614,-60.75391257376834,-9.546332976160224,6.794589396241622,18.68781590088281,-7.654944364089408,-0.846123875280653,35.496133746855506,-21.787275583288366,15.225508562972095,0
-59.93495806621437,-41.676092940914685,17.162696788710566,26.061443692893114,2.777311600443987,15.192227715182984,1.8560605110875534,-9.851326949324406,-11.330023477522788,-20.926397690032086,0
73.44033689619951,-13.738364443639755,-22.50185350523417,-18.921718367598057,-38.48580874963401,-52.00475640775954,62.08200924582053,-34.815300507898556,-62.78631625181713,26.97384450664875,0
84.60507798190184,191.2986342473373,-45.65321222602441,23.476700423913616,4.225369921569184,42.500045004287756,24.141083642689093,-63.7784580201869,-106.05087078145652,83.9032897316191,1
-14.114956476675703,28.33568808345321,-59.45072749769041,66.55331784421111,-34.10817227554388,-25.245507791132614,6.414836838425992,28.191266095495944,-5.620273989361488,-12.57832643106238,1
17.75935394759498,62.25374688929561,54.22115836958843,12.063791705008132,-22.058728002734536,11.472848447237075,27.783961306128464,-14.662192462031566,25.285440361996184,-21.786528040699057,0
61.20525322666207,-30.671118550479118,47.9124552037602,-38.0866105371989,-61.654763914733614,-12.961037050922327,-10.13677385001513,45.160757595746716,0.2752011436683184,42.351234541873445,0
28.437315213205782,-73.3604157423329,-19.929382167360053,6.129527205009478,13.374730430458273,43.82562336976759,-14.680816518739196,16.984337877322062,-19.627255055693723,-8.380900616953925,0
-33.75531690189399,-19.42255806114902,43.33475560670253,-9.236056328047137,-29.888839081949016,-21.736445379333578,-13.542645644655764,20.206255949427092,1.5497515190703923,29.23521262263384,0
-24.382340001788616,40.70714998450505,-60.25192930866623,17.994592699745567,-4.474160498474742,-18.801339247807764,-10.7113514256341,30.419220397742123,15.851419766457497,-14.805829412934822,0
-42.215812859538026,18.311820703125225,-11.177182976898395,-32.24324910006852,-6.303780693933525,-27.836852239950062,-0.2496048134335833,3.2825256337310527,12.91540722498604,12.549608064726852,0
33.78650347238909,18.384960958411884,-58.21672368002697,-5.151337858534864,-29.785648537323485,34.71810024453755,-34.20571979246804,5.623567953083199,30.948375241508046,-10.456074986206417,0
-27.72659085639606,47.77773042828772,-68.5740957649027,27.07054431161763,38.38860792217379,-4.999575045903797,-26.028117429670413,24.28221298703081,32.69421146646489,1.3169783792426715,0
83.73124587579203,-47.974830710583184,-35.12247603682016,-40.6063759302681,9.736086329463289,5.1495160301685585,23.33019593269136,-59.84121014380014,13.278995460795446,-81.43530458695189,0
65.94379326627627,-98.07309574395433,-24.244869187559658,13.403165834094896,-4.8187431687415705,-3.3509930035584623,-12.093176172457168,9.5003586300204,-5.618107838462007,-12.78030253560957,0
-7.276214870202869,-21.91629520576986,-7.943552356095452,-13.052784037585294,-5.458438347524202,-33.43458590117541,-1.4594967580370064,0.40679585454226397,16.610434223068225,19.58720693673489,0
-97.48413183356655,6.149070495360786,-22.045266960035292,9.75314338274292,16.24641092776257,-16.096500279435563,-7.49823824242702,-1.7175631865285166,32.72680171479004,0.9617442890431613,0
-111.35059994272619,-52.291865294907105,14.901026735189566,164.38866660693944,-73.31300591554003,55.29891458416787,-42.44802704838832,-3.873957837732643,0.4952755217002627,25.924937181632238,0
-51.15447350572706,35.02547199764791,-25.065860384877546,22.345884454159144,23.707022089424854,-27.802576065410047,-3.0843299411047647,15.557837466162944,14.860308359639237,-6.714093743705135,0
5.9598017927940194,20.371388159658125,-50.097097622142385,-17.797976592476832,-2.218786391945582,-40.70004655954249,-34.91168530114887,8.97077962533813,26.988186556033465,18.04714909089894,0
50.242973926631564,-27.919913365169382,-45.654047878053284,-2.342389467508375,-7.360478296200511,-25.28672171340513,-30.465964810813713,22.778283948676112,12.994254309045205,-22.020385009057566,0
58.98050326191787,6.86617464920356,32.874765153691854,-11.679411595213672,-40.11112650768464,-36.19343953510008,-14.695301211160594,36.87896079824196,23.08285629924705,48.30178181582614,0
-28.667520025743826,-108.72464560366194,98.0740845294693,-16.98495688657478,-61.3480758530447,-27.28740864721594,4.48416771362848,2.799433414970429,11.152531061704508,-6.483621250284574,0
-27.035930021791998,79.44426449527718,-23.297908860158408,-30.317389208342767,-27.22679413701386,-70.94961433114895,-27.870785395500288,39.39186873667398,18.648543816662723,-8.079085253105717,0
-26.588513003264957,-11.149652399605179,30.247054634827435,13.90038592026058,-50.54480836175879,-6.9581152607783,-12.798089872645326,15.17768225029802,19.593143791801424,5.365267523945474,0
-105.87069524083752,-11.761646404405086,16.786252322246728,38.70036019523159,15.414536567960779,7.803994917518686,-5.091524907042454,10.736380855310284,7.687258447920651,-23.674158845122204,0
45.27271151733205,-40.02800972461884,49.403014485196856,78.06018405385886,17.137267792210892,-11.840647350677703,22.436222298822816,-6.563991669394296,-15.159460003503082,13.65327785652092,0
42.377651472310134,-172.54716259616927,47.06051683059387,10.880427402730696,36.88395693660932,57.14679107326849,5.807334013657134,6.592416014022393,8.541784147254022,5.446454090779117,0
3.9000303432461685,-63.217814463759154,0.03462653413493224,3.242166067716683,-47.80746215885941,-9.223357226675901,9.00718202963419,-6.224682255066668,-3.925775636218631,-11.942055443003422,0
88.76893664677854,-64.67703172807603,5.662629512117708,-22.54026636357815,-9.901048218900208,-39.81214044399265,-14.183432259877012,14.580617629130249,-8.482454632455038,-30.18278603177009,0
109.07306406986028,-79.36857493585636,11.161502552132276,-113.18498132769246,84.00111413134965,18.31610579400175,-5.759871741980399,18.457637353456374,30.365556173768148,38.832081894536486,0
151.60561808890574,22.68720131430356,-7.593915348235753,17.309290813214854,-44.59220467342611,95.00826521566454,-17.24908265335192,-46.21503789335545,0.4863572753715347,10.938306050002371,1
-84.59689471175217,32.113099238674344,2.552701824433444,-3.3012698163779053,-36.10779114625922,-39.49455982019356,-13.329318720004764,6.840623416816129,9.006719604497547,-4.232866052219578,0
-34.84110062522011,71.99643679468348,-25.589033784379335,24.36228739777525,-2.452930861041415,-27.295130430917755,-40.169091784026364,38.13350839818518,5.260595610077556,-6.568974443207195,0
-12.77351045197751,2.907659203741113,-17.02499793467624,-14.675020261078506,-28.830059795950525,-46.7965007690822,17.758076877364704,-11.31386436816713,-52.95628058487639,23.748419946073817,0
73.09381381764722,-12.504429795544043,15.92794459860296,-49.26362027675176,-63.19652704254599,-52.976879720622776,-8.615718794924453,26.51005897519343,-1.5432589234477205,-26.07758718824887,0
99.93450844716892,-40.45564152336602,3.9694652432239295,-6.214326442151953,4.418038893965132,-3.4147596261576596,-8.047763975164367,-25.512406799706397,36.64002365362227,-51.496216464855,0
-93.21279970607964,-79.33785399254111,31.815631297619433,40.356414296086484,73.30158540820743,43.12037815451709,6.953315454035565,-26.338835090535067,-76.73187791194296,15.07804417137756,0
-94.79172567889263,-52.6740712241532,24.050439237071263,39.037939202334094,44.26165702909417,46.89578225529808,15.956231824884517,-12.331508938463026,-77.01900379845607,-14.0305132108318,0
25.009748564599448,-211.42983754311356,-63.71391708605952,73.98196516242106,102.37127672267182,20.87690728743717,8.255061558056957,-28.493190086640556,79.69505268875106,5.692804109406482,0
-15.618810695072597,74.43418425806472,20.875422364891204,14.069803589432741,-27.02614432008487,-1.2877479955148223,43.23892972796516,-69.59333290306748,48.59689894315988,5.816394790144791,0
-125.2764731635072,20.777258040292683,8.165389075912817,-6.328009099270514,3.4162217524857024,-51.024856062527476,7.405358856126788,-5.659166218504093,-56.31315577211349,-2.7384157316151385,0
70.02616500297769,-28.630625799456954,32.02129805441432,-25.76553496759674,-37.12903835063631,-92.66425418821245,49.19367018844779,-26.616750811622577,34.66560075408169,17.143035573244745,0
-171.80416084104985,-251.70349176482557,-274.4103284607218,96.25633868774433,196.47216018085055,-50.77375852039673,61.62096074426306,-183.54847764319314,220.19810846785145,105.67107418201418,0
-12.812693325754784,-101.61515439309979,37.50939513357716,-166.7558386620728,95.79587320639207,63.086501005769705,-9.270863598328,5.833903382786642,9.124421808744515,16.353232978535186,0
-28.68733512001098,-131.64480481944204,65.03659760883787,29.385720030036225,55.86131884203385,27.21071330688724,38.18252209523462,-31.00376753276203,19.87959738328567,32.19400228585057,0
-62.2662887391251,13.661807709206597,-31.220631779071315,-158.25903516280815,86.58270823327379,-62.37274020165111,63.702423149724176,-45.518409342713035,-58.953042123724046,-10.079719821201085,1
88.44323956917916,7.36249888364123,22.982968474010555,-39.943504348931285,-29.35666945475468,-41.982291623830186,-25.30173522277883,53.22031510547301,15.114309837682269,21.65740841551757,0
78.02564811058566,-50.01517685256248,72.04146352350881,5.68165687945516,11.08794810756781,55.6611485718936,-28.8822229432057,-25.306851559101585,40.179923556179766,-4.716446436837406,0
174.74887931019575,24.52315777206536,-38.33400714798213,-7.50939958244509,-12.191213963919612,75.21326683376006,-11.288458876175188,-24.778500948784732,-100.01096762998392,80.04503603734105,1
51.51700410875436,30.162930696550152,-62.560922591206534,-21.102914723473237,53.59686137817932,-39.395401586197146,-34.18671678586311,25.100672712968315,35.704119773439594,35.59507561366341,0
-103.98862226129918,31.49677631246205,-0.10595171194706475,6.846892245707418,56.16156429490616,28.997195206910394,8.745289524416142,2.760601661967383,-50.85067270259959,-64.21668789799284,0
66.57636697393302,154.171780246612,33.08398936137084,5.02300435686327,-73.69733826761168,29.430344618449865,17.189432127163787,21.280879329625474,-59.42511105503218,27.556516385921498,0
-7.075159381598978,-60.692227252334405,78.35148054417489,-29.552880290524385,-80.28860731499532,-35.37562720729534,13.860884260020255,10.173581313969962,-12.4970422310285,-12.422243396328321,0
-46.43958486050997,-9.217312734127656,36.31089105499304,-179.14783638344718,31.507317651553187,-28.366284058041895,67.54521622100425,-29.795966926833607,17.984592291744857,-16.3242752756715,0
-59.42909148269294,55.09126645915923,-27.969150188287127,52.06716741302516,-16.455896104350654,-8.818359074780211,-5.02118347696569,28.49152331940225,-7.95637891878404,-2.1968438677244957,1
-58.529421215024236,-20.80325271893462,94.22675250796286,-172.63434323615508,52.52457831518306,35.549353469180524,28.011803445963494,6.971949379860531,-31.22464465171225,-36.5471373868098,0
37.80534730277275,47.244063910850954,32.52425554075069,39.314674842473536,-31.942989458670024,-67.312345480141,-15.476382848274746,43.89510684971146,17.46264388431724,5.578421591623982,0
78.9505675730887,15.411139826702609,-83.33568115159335,97.97261899525529,114.7284422004693,-71.33420367720956,-7.538202174835663,19.001641999088285,49.04347474065849,-4.611803276175735,0
152.42891744532506,-64.83105712508582,-137.59760794485882,17.647759093659975,9.197756530252331,-29.943129824769372,-13.775727091781436,-16.373824688625746,2.2663949274658672,-100.32626817617691,0
19.94583146736023,-25.429318805109283,-9.425338911398677,-18.875112627238966,-16.38575197609158,-8.62276129343173,-13.803376125848509,16.260106932312638,-4.943412163886742,-53.310829934310355,0
-40.41926803185251,-3.5889753676143195,-65.94447501133462,5.544614672231845,-10.990828889004533,6.125972564163736,-5.131684986587137,-21.17062255957048,-45.98133544887098,10.184242204481988,0
-61.91960247646115,41.32652579208222,-243.68502777228045,-37.575538539157435,-17.424938487115245,162.12638617430227,336.7085294095515,219.94818897768252,42.36360141171417,4.988931430834663,1
-46.35099205581209,-26.043026846923023,10.546416915946438,-11.936062658408773,-22.740807974554844,-22.6527055996173,32.95012159380664,-13.139755565154342,13.517274485812493,5.47233098558037,0
-98.11460953652293,-38.6120225694736,-56.44271483373357,44.16084744065551,-6.022864703038859,-21.34515798774074,28.261585673049606,-32.807126410662924,-21.25309176071859,21.22629115800252,0
83.39503967939044,57.10254937167641,-71.55650150447156,41.421364495049815,29.068498799969007,-27.902798554498585,-11.528323544592844,49.23502655555012,-5.437477735617021,-8.49970385886129,0
20.703740437164473,63.92222198688276,-105.31403144554255,-45.62038907257629,-56.5200898383116,37.19302888839531,-39.43940462160091,-18.353345400311547,-7.309209126688424,11.486934681094205,1
-63.289181506568404,35.35605670205812,-67.8074817094924,75.12553179586229,45.048704774113034,-18.510577279955637,15.689910838099852,-15.03787592647538,30.072899043373038,5.131788294473916,0
104.86071028989777,26.838115419149396,12.48053442285031,-15.910563290610792,-43.71648439449115,21.57858978184869,-22.639700903575,-17.84446504993337,53.789280254528265,29.950559029852986,0
57.048162054625806,0.9804150339294267,56.704736786901314,42.3732785209541,4.87662450930491,-85.05790436250575,60.61408048332155,4.337709218840777,19.737853291611472,29.076373129408214,0
77.69402044531293,-116.04346537043163,-7.178619628448157,1.7493104937407924,8.32332481270726,23.253235565011597,2.5046669057809137,-8.81717544105769,-20.804375902176723,-22.748451485824862,0
-21.26501704773146,-0.7682766307467948,-22.583732483741205,-13.297727511099314,-39.976968960032764,-31.464365334403997,-8.288760080331164,5.796718076795362,25.59213386642712,-2.1322844082979353,0
49.07004782009536,-29.159490281324835,-8.511743343348279,2.824422435065983,-10.498263636964783,42.70828213499218,-17.16044842247001,1.8472716371984552,53.1407982596341,4.144666019782208,0
161.31374662141033,-25.799525230072227,9.555414323514647,25.790656307436198,-9.919714622677795,14.792155724368117,-3.2268602584673176,-11.510854389288552,-78.9480018598904,-32.531995625145015,1
7.66158720192782,-67.5798061813405,49.592028404445195,-12.133485497248564,-46.02425079867966,-39.42669238084638,23.581911445306666,-24.370120606000995,39.448046415543956,46.95844061940109,0
8.023219941892856,67.75564813658794,-67.47840707211073,73.81336913537656,3.23817339078179,-70.00836795040794,57.572552851050204,-69.7334706929643,-43.32829062278065,7.930775119913958,0
15.975468916688113,-84.37748202212465,35.32846954231071,3.617191832628093,-4.448500144631022,2.0101676161440416,8.57426178517923,-15.039744045117043,-51.29341947448257,62.328770604965264,0
-72.48187195902995,28.014058225753782,2.5204467580877683,1.0724915405165165,31.411568737043844,-51.66738850591723,27.374110363222123,-23.45984328053695,-57.411482626319895,-1.244407356784659,0
-154.92396273594528,76.51854573581765,24.956241115125568,86.1069573439931,32.92601175271911,-23.955953256191844,43.52484577993964,8.467859002280578,-20.728800594132693,-40.58348038153706,0
-91.25977306664221,-9.241297115653058,35.21186521458319,9.999573892868087,-0.41037558905979404,-17.77055495583079,32.06343413566273,-8.85751157204178,-10.242901279876172,-33.42522435457693,0
-68.2392096198029,-94.519865781818,29.69858798767867,-0.26485137361261624,64.31830726354481,68.75236676185759,-9.09335111397229,-20.021358866990887,-3.0574842636947417,17.933907762526342,0
31.15329737182073,13.664150306532198,15.015653991023001,18.753515022008614,44.29520647946364,-8.371540564373214,14.293887493513743,-22.142358480436872,-8.052685089810105,2.8696099974021805,0
-30.02647232195981,24.72717975871719,-54.99211021338788,42.928828879014205,-11.045547789372534,68.59537396773217,-37.629832495603765,-1.4838192752113097,20.984391817127353,44.93686881728523,0
-56.10444179128176,-20.108814605486998,-35.64748591836007,-21.089524856750934,40.45756773604444,23.72044314938552,-4.295100655827518,12.703661548850722,12.785706662126836,-7.450875376581401,0
-89.4805913718746,-38.89241062372494,3.5336496002002464,16.40156872471934,29.81901647290477,67.32920846483914,-28.585594561246843,9.570886775265334,-2.0386049959071113,-5.8541761115269795,0
18.998432531265678,-10.479599632816443,-0.7816465739142527,-39.27779367733911,-17.580021605263553,-26.120503395109843,32.628344531412516,-9.54914438035227,-74.41141075321045,24.591786616912024,0
-63.953317705671665,2.722665710154997,-51.67164949965427,29.241096824657983,48.876716125177154,19.610371546131393,5.855528336189253,9.650275845140065,14.21594128605358,-24.851583584980677,0
38.30528277245332,54.318316754241685,-49.45005255534602,3.157899605897515,37.04114207231732,14.907805393752808,-24.538809752269078,-1.9134481493380002,44.38943777863384,-21.873317291292885,0
-12.02059973198677,-4.450101806714172,-42.950666126913575,-5.765511797974652,-13.264358311211181,-34.68876383515236,7.204054806178608,-11.587063443751818,17.036369921738103,-4.1769268636384,0
27.10620797736609,-27.8243392197941,4.072642776060246,7.321069552614055,-7.540088780552577,36.05789518829698,-26.2668949661304,-6.785695611241457,40.9309255770961,0.5129758082255652,0
-83.16434399327136,-24.86116407441928,-34.74070913923171,5.161729036157223,15.732510012241088,55.519961280736396,-24.867031094532084,0.10781526262528998,6.9126343252616165,-17.471457550880842,0
-78.67734850694019,26.962165638925153,25.499238939592136,17.57702721542194,-37.25050868123357,-2.9954306279876715,-20.03893435003284,-4.375026653260476,-20.12475959813812,-17.983715140353006,0
-62.277612070619114,-27.882160963696926,-15.99388528999582,-10.690343364043494,58.972505522529005,29.97070544739225,8.940629016192116,8.175233607579612,9.287462897401403,16.03110506296914,0
41.04038800567721,-102.56619299394941,13.650822916457797,20.035436762329475,-49.556415567813744,-21.880811299382675,10.478768985948744,-9.069496050980723,14.158708377602197,-1.0653238635665419,0
-7.928699056224129,127.14004758633943,-120.38007306513379,20.613352350923922,-49.38858467531632,66.29471346574795,-13.270059419525529,-7.442128379016498,34.94759098903783,30.036679391003428,1
42.52012139572801,-47.97987045727,-2.4842980080949677,9.32716549412241,-59.4626216164882,-29.567622886355682,13.215537374163151,4.030817452760899,9.46832354042853,-18.30795253906004,0
22.882684309424757,-52.25062404760598,58.06849970248778,-134.1959301565464,23.93408363959247,83.7649495611377,-21.838933207720483,-11.885824066592438,40.90483918709526,8.001114123588886,0
57.9175745773617,48.80717548500558,56.4812784279647,-23.522693497325573,-24.22320437680633,56.78348665168382,17.19006135297914,-68.74899344801283,13.234088617671572,5.1744301620272575,0
2.2309593341859872,38.61497085407077,-30.84446574270093,-61.77238335765555,6.157242474987147,-51.16554322985843,16.838224174083898,5.655528709088789,-42.68853771226937,57.41082586429026,0
66.61529365195446,-59.10449942265848,27.952088009663417,-98.92751331823811,40.911013354744625,28.01159842428703,-16.782965553139253,47.127211082554055,-13.421546379565475,31.335661075093462,0
164.87930370860488,-20.210616678068792,-94.57963153049954,77.68355070439192,26.450049381440902,-20.285749582211157,56.4757280070935,-31.806893412562186,-89.8348658342085,69.32363199461768,0
-30.317772167171128,120.02330815871713,-67.42113270515728,68.1525034298592,14.481825751635737,-37.90123779441923,6.257973656131251,37.92275467177945,-3.3301799328420874,-25.04674886393521,0
192.35323409617789,-33.110897341237944,38.88139541660629,41.6670195445634,6.100778186245318,129.1598766269998,17.447600419163404,-49.88100772581072,-17.91828749477587,-6.711960007935391,1
-46.815622248971614,40.41550586135256,28.310404812459378,11.782183941532589,-31.59496177284098,-27.692122738257538,34.51251252348536,-3.2209173186966713,26.977702315288965,11.25785959829078,0
10.813788870701856,-25.259251251157348,80.07882892907945,11.47977498359954,52.711686118709345,30.981155874173474,-43.643217920707514,24.55230889420263,-21.275141023238014,-10.765546456520758,0
-38.60677348251378,60.550816472396626,1.04453016830664,-15.169775968424851,-54.01910499402383,-46.718889077317954,34.71770932672375,-7.005946723645009,-67.7591572211933,-12.309936205417948,0
-78.27947407074089,13.142130450839232,47.046247813993965,19.707078968685142,-25.691551404873138,-54.95244662040798,-23.210780734445663,-1.1577772097123444,45.25644130093552,37.31032623053094,0
86.6376453236292,179.00180093958198,71.9167448418146,12.409521208929325,-12.966649875948274,94.00002809178632,30.717398959232483,-78.92900930058492,-18.352682753090207,52.66990656651088,1
79.77723071345602,18.713418979031065,37.353748263632326,-53.46517088866246,-21.37688677451335,-35.068959657037574,-6.015929954498318,52.757265616675525,12.090877191965943,30.64074405295326,0
-55.10193308916859,17.77594095404509,-44.64861513196514,46.945624833358785,59.2449738719834,-35.090097888057656,-20.884870216431885,4.95370272351674,57.414037955372336,-20.803867803667462,0
65.20234953870468,-74.07947740873956,-9.36017498185331,16.0445650754369,13.153930938100954,-20.09707208227169,-21.404522170033836,30.559366119464663,3.990765915727244,-43.68226222303236,0
-34.37838329156828,-124.67043874691787,64.50214944247881,-9.533845096177613,11.032568244391543,1.551191704309258,22.75984653029595,9.609647266881323,-29.098716703227005,41.29739856049603,0
123.2755399943597,-12.962268916436564,-60.51513127219182,26.124846562170525,-20.165389073850122,-37.80901556298733,11.419176103537527,28.03328003525333,-50.21087779515824,42.83774781784902,0
-99.53987381632264,2.110952716299079,19.50538955494868,-8.485122891003396,37.04802100556882,-35.16314974819883,71.85791221262919,-80.69059917394159,-60.978012220970896,20.999833245708626,0
27.78095902263642,25.55847134000624,-94.80710047231621,39.13354795192294,50.26392704958595,-76.7009364168926,24.35388051417404,-34.33054306267349,-15.783109320482671,13.678784878800325,0
-3.0304844402558464,44.02401145261296,-35.45991320900449,-40.343895776108745,25.926998781524286,-31.467109132110306,13.370592015081984,10.21690036391381,-65.96011709689067,-9.055274633935372,0
69.6858196992004,41.82898501108451,244.9928459797014,90.75971246754553,93.2682779246723,-83.14974791254004,48.17363867718869,34.66905647147184,10.256913056515133,41.92892019536121,1
47.059871791419525,65.91521943887122,-19.90565865513053,-9.268850457941621,-70.33811518419537,35.332489687410714,-7.83831233423063,-40.50086994302703,39.52876460972999,-1.2446153471492694,0
23.728612509050304,42.34460769088412,-12.756036231818817,44.48244969233522,-24.915078100738793,22.778318020458116,31.467851565367763,-23.334197137623235,28.391286796439378,-39.127750647204124,0
13.32938153918249,-43.62546639751438,30.62296254706615,-23.205784786137958,6.796455534077496,-5.043211835688813,-15.432473754430088,9.365776306434245,-46.41461554741223,35.04479949088216,0
-78.60250335368717,-101.31621695837134,68.4716440864942,-1.4008575431053227,49.80660729075415,56.730249158534704,39.60604804051644,-32.72194257190087,-16.492341095988237,18.417374007875235,1
83.26697868234044,-27.830750728916076,-19.646149915958635,4.122859130441107,-33.50625287074548,-46.65009928134527,-28.57660500856106,15.408118677467431,-4.785006394118712,-33.307280332845465,0
186.01176910724914,-35.54632967107691,-34.625246243073164,24.453087813461792,33.832743484495126,-28.3680383082623,-13.23731089566886,45.747460283642695,-23.90379321911243,17.488688141329803,1
68.65915926148408,-16.367396614420688,-33.59870173433597,6.3388243128396295,-74.52959817786873,18.515403210678294,-17.385425844399563,-14.283910070474349,20.966173000170322,-27.680387890187237,0
-26.63708292466933,-8.571625726264797,-19.73329676209103,22.994704897866647,24.446119865970207,10.172802431355613,-32.70348415254556,22.53579260055013,25.982442973711002,35.89974620551956,0
-9.407055888377204,-1.8204819146215423,-189.56197127795065,-11.082439148473597,90.76639136652882,25.061979899904397,-63.49932776829546,-9.849030442105855,64.1511378965071,19.93288455741943,0
33.80443382041513,96.61112185055819,-86.73924097959002,50.014328260783465,33.91287179304496,-2.868269391117106,20.33162043533764,-65.61833749320424,58.06989244928915,-24.91200071184528,0
48.18488798580066,180.82492784002923,-47.285808772821994,46.69108262651715,-52.111920851564214,130.75616399588432,-17.676682894409105,-23.632922376334317,-35.69221139608802,11.585138560840338,1
-70.64527940542862,-0.4252447568895918,21.489175099043283,-6.874991746128066,-31.073259865797542,-20.98720628412075,33.416654204807166,17.19635472033573,8.795123685161709,-14.152850515031231,0
7.897339227174962,-85.47494434806116,12.760995234205852,-16.49703189620639,-3.5300830302157227,-7.2524407231071715,17.0481780358934,-9.677362225002918,-24.304556433191443,55.6986691675594,0
-73.280582539511,48.909248632846825,-1.5260826442553235,50.38737584469339,68.40606966471636,34.469790298893194,-37.70446518338958,54.89126096794884,-17.361184554827002,-46.14253417630754,0
-32.3525335106785,41.44423777885332,74.19047003980597,1.0883577912053959,-70.21469611252999,8.928270807241807,-4.027340347561121,-3.798536470046784,45.67196336544666,-16.893679194505953,0
-20.909445732401927,16.84126918181199,3.1023712474237533,-7.852136477026756,85.4098543827084,32.51815506099013,-4.270709903271537,-5.928749083892778,-17.61376748586911,5.424674297604678,0
-52.65738712157081,16.54504310701409,-28.160690750621786,-31.113105799767983,-21.388884334672788,-22.43429205759641,18.448267652675874,-12.124594469253847,-68.7084848725784,13.200287251805694,1
175.34230009167825,-19.929279890323524,335.89711860260365,8.99498006110583,150.23768077493918,-142.8618752282971,105.01294114132475,95.58988379243738,38.07232578503342,78.24508062630211,1
111.70012015195988,-60.63304141641888,-8.96446152042054,-81.46048426982068,-75.56935138713627,-66.47962672286424,56.18921537204767,18.88801142783003,-26.523807476577353,-62.47338478010481,0
7.506117505000485,32.355167375719155,-17.504847793640913,-12.546203447795847,-47.37707534804575,-28.767886965929193,-16.429430978531265,11.282760959430757,4.3691527301507795,24.21419438424122,0
-115.00247415302147,42.660375047674556,24.2316432823757,30.7820935758995,75.34071870037172,58.64831312778673,-29.677335584292557,30.718223965153143,-18.659520709638244,-29.94094323560062,0
-61.362386083284136,3.3048597347568007,-7.9564774914406,-4.24801960702862,-29.19240353230643,-42.768821056196025,9.141603109063706,0.22466566523037382,29.187023657140852,1.8066134254280464,0
-163.0814797934593,0.21109178099784678,46.38733023631346,342.29761984513163,-170.96107459316607,42.59478310236909,-19.147655207080664,38.625890669019306,-22.024895155619873,22.341871787644568,0
4.432959942816228,62.80904342380428,-100.81558400419117,9.713743419850223,1.6431242556449475,-55.500400800419136,0.35847886525981026,15.112352676768685,22.825808812360055,6.863020319275521,0
185.98834071738332,214.17404113492606,239.97083569986867,63.370930209187435,143.79649450375663,5.656921467145903,84.91672446478239,-86.31946415382555,37.37456824001598,17.656283922168203,1
-59.32878559587637,-45.779567380183494,-6.963933432549115,-44.48381060925215,-5.727326526738574,-1.4051570341353157,24.238241541538255,-39.58039830060376,-35.708692121282105,30.897651594467046,0
-49.686500463321465,15.444459138236478,-54.80308701267477,38.57829971791764,88.84310122052243,2.1425182837985073,-27.2566417821791,-9.282201386441931,82.54408100031922,3.4671189747948272,0
178.62721070021433,-30.388190711842135,13.946457741443309,22.53054596456522,-4.983685597325072,115.0731094772804,-5.847507095839616,-20.675065397320438,-6.5376400940648365,-8.076478176733524,1
30.640029168557845,17.054584803953613,-62.66941910579755,26.60138738435082,-22.504737642194048,-52.9192203684284,-10.38265198679008,16.246281991782986,16.72921546071366,-13.626305759685446,0
-48.086763866292316,-5.976925173458594,57.89602222485932,5.745277057688055,-6.473675555480184,-25.313649806922935,6.629313841907732,4.333088194381194,18.320212200817863,-8.084993872394374,0
-71.32989046582898,27.654451681618983,-42.324462832810475,-32.77355806432843,58.55845671330034,11.911447234009627,-56.190255894235506,2.844612054831735,-72.08544947852174,-14.116201731561091,1
6.2137562652082785,-2.969693533167026,58.89467692077522,31.81552379617667,-39.25655423841131,-4.972877685581013,-3.3952748076186023,-45.0925243574361,44.20352131509194,-36.459312684372584,0
205.7271794018661,-20.970498582411974,-161.78045499413858,46.93726358567244,24.938212160774842,-4.4141069352525095,-28.178185004985284,0.13984293472539996,3.2420095818094055,-42.68868663907003,1
-101.21695228443896,-69.00895529878126,50.76726224474807,8.314741111837014,-39.81713115589164,4.581149248254469,1.5964899312886671,-27.808818894239565,0.8140207661120529,-14.46641125105565,0
-83.95428126467264,59.698280912557955,-18.89623029098986,-15.729172605601958,-19.452258382258204,27.551552163411944,-45.733230666667424,35.07105411525034,-8.625606689848896,16.86523422085729,0
-78.70073601586591,-23.152984819373685,58.78445138629654,18.19261430111819,-44.84790133018557,8.101013444005034,-13.178550224078364,-18.08627220714831,17.833958577532343,27.33147992709965,0
-120.62253038288904,-106.83452825446959,152.72402677942782,5.324206649382852,-13.16244208363961,19.805827574908875,14.934437046605318,7.379099658942947,9.694729747197622,17.700909727974462,0
27.0944045443159,92.69488383078664,-68.83059998146572,9.307673949037534,43.169191782821656,-72.18859970340681,-27.79796651802182,-3.5397175405501478,31.879733900995042,-6.223548341665852,0
14.193513712164366,-54.60082482133793,48.35828687851495,-29.8093942012698,-57.612124899923295,-26.64231763066567,-3.862155268947662,4.854529496675373,-9.024173572529834,-42.241868215370175,0
-58.004423980556396,-87.9108865444388,4.2414852429672365,29.22234739263608,23.54045409932769,-69.78396884105037,95.16774776799137,-97.25936364574231,-22.293271526324162,25.28423152791972,1
27.348064277625024,-82.8331035265341,41.579518848222285,-29.80973150969737,0.4583743954565086,-9.887763729211743,-12.609092436117235,0.17493455399535984,-8.07816339813211,-36.122031197375904,0
-96.50365631276757,-11.316876806570507,49.632184107185836,38.95941574661974,-9.126285028400854,11.173023482484579,21.26016087146397,-12.200024816469725,1.3406646879049087,8.929697699093367,0
-62.179234210564765,37.88215899527576,-58.24619757719364,-14.202101886923918,27.290059260431583,-32.83651729780442,0.6694246293091974,12.093618058437757,-0.36113033048788823,-14.881499767210881,0
-85.72235097630214,91.76565503530486,36.22358788604261,6.188630521868128,-71.39139189602474,53.627321839087095,-26.88597229227837,17.264251427691274,30.072082761691778,-4.802304940350132,0
-54.464361993679454,-12.720710698239314,-52.47783337986244,21.347953363412334,15.633415698965738,-26.12655449261829,26.609272194731833,-34.84187622230721,-37.70351615964788,9.627388017336644,0
-57.37697857103481,15.700225026138805,-16.680198534832336,-3.4810608945509482,4.729024929350302,11.312613876663045,-0.7031085344402475,9.30813067709925,-16.955356679948196,-9.547693812180324,0
160.171255576703,75.16955150448872,-39.573099153370364,78.10360339002327,4.1557107311504495,51.203635267587885,-18.599050169853133,27.376065566201184,16.648173190837962,-7.015174548558757,0
13.316347578847116,15.64834195487966,-55.20264857761179,-19.979657832182134,-39.39267354943505,-29.84820638833865,-6.6877055043398945,5.767308268784257,-27.838227599648132,41.972262992676306,0
-1.792790747953305,-35.45513394936347,3.9664275473673793,9.068089852962808,36.54827549131401,24.335747466622976,-28.377826536303434,38.019784573263856,-22.10875387958538,-39.802636921111024,0
14.791242978480422,58.75511194847646,-76.55314279600331,-162.32592927591682,80.21440368604694,-19.9737755625381,22.45477381979469,-2.7822404272219705,16.46031196989574,-24.627706016996427,1
32.429074149940604,16.82854866317184,33.70893459317506,5.074265736589415,-43.81708955102725,-71.69273963194047,-17.258224229179753,31.95655152970978,28.01553504687596,13.292528999790557,0
-48.82890186611235,-1.6731670143111783,16.610566206620174,-0.9641091132943219,19.87838766287069,39.543673941994356,-39.0614296985328,50.44764347813546,-1.0430924495064242,6.7045312290976975,0
99.35145617599359,-12.346744747211428,0.964089359710508,41.846396477849844,-44.438788376419176,12.938412555746774,7.46299595645487,-2.772453424582172,29.22509237955854,-51.57118671096161,0
142.9386671721351,169.2032853583755,160.17422372929832,47.58119667200835,153.2167736104854,-9.279539202462864,-89.94464832936333,134.84042467694104,-112.71974330154832,-59.57045895784233,1
-69.89896938803916,-21.460666795226146,62.436051875066546,-10.962872784304997,-25.646771250053867,2.790469079078064,14.690479587270415,3.436979099405348,2.2226078408158787,5.069329494523463,0
-27.65028480890897,-21.13161572878706,19.39514327137638,-10.010430688133923,-40.27932564814721,19.613010814508815,-13.375906364468074,17.2197183473109,-6.876007159775835,-26.33981059024999,0
188.64018294436536,-35.05628600798752,-73.41120431668845,60.11436673392088,142.2544332901053,-55.57522503860002,-5.0466651605544355,-19.288359264673986,-41.70744925078987,-77.75014540084048,0
28.84756065893383,36.47413164067313,22.842490642047622,-155.7559978018972,10.263651367180314,-30.345642902052486,-10.617395636928068,41.98971818562266,24.335815623351984,27.09320852520837,0
-85.75510855541154,-0.9775580626802928,-74.7554887933738,-25.468956534261817,37.814999293967865,1.5696661544572093,-36.2251909657531,-31.014416970964703,55.58586855343331,16.045761943760517,0
9.502074931782452,77.32018621246806,-130.24802034700883,20.813676505358295,112.36440631917084,-23.641524825730837,-39.27143830360407,-3.27456307273613,-32.79559532109021,-48.91839540781271,0
-55.07277925069791,1.55441210579281,-0.21016301181637112,-2.0153191834484785,7.65331571558092,2.2498465695728993,-9.294973545267853,2.2291765380305657,8.975903825492644,-2.934267953739077,0
27.923533362847994,-54.697332423485165,30.44948571253372,-20.645184494230673,53.96366603054248,68.99137534806255,-49.05531317768911,-3.503461299306922,-29.784897055133428,-44.73861901450548,0
206.58126387969526,2.4271801085323443,-70.15848680788342,-37.51949873801004,-74.33426491126923,76.87773507629346,-13.447918984278177,-15.278704224942931,-8.559990726529241,17.03101993239938,1
76.40951713543605,-75.58882542978479,49.36341847645062,-12.38353434684236,5.762348400288112,-4.399765317504674,22.50453025018843,34.80681685109779,-18.502379165326353,47.56731847105209,0
-52.97208970717327,-3.4295403591356792,8.645037434847024,-14.481035008217644,-34.372356506133556,-26.066136383900215,1.0825654728863803,1.290637344596957,27.064630257904458,-1.3782772448111282,0
-39.29102352036033,-63.634613963603606,9.506288869265678,-34.830898466656905,-34.99178582998347,17.696982805972837,-0.35401191787219777,-7.929849314468234,-68.31064080374075,18.343073936885013,0
-51.73674772270091,79.51908692978711,13.692122839417861,-22.24937348029316,-13.079507605496222,-44.939227022030586,-24.841329589579143,29.650308341094963,21.953306875997683,-9.36328817481477,0
37.64904704329974,-64.49776677861284,30.864596077735314,-12.490908242770615,26.667954812902867,35.77376110734362,2.6620971094840136,17.77616594286068,-2.9974871026689534,18.036622270853616,0
-78.47126309884078,80.46175998666955,-31.207333589633496,28.228682339858874,4.755751633204611,-43.991442000179376,-8.296599725655328,24.010788911404468,47.86803001313484,-6.45545114893515,0
-70.25127824445403,8.637697460071363,1.8287948135055367,13.546447615045908,32.12440984099167,27.18689888946887,-16.052864097003933,28.805633501464584,-10.162448476822968,0.4298667783959898,0
-113.7904439144884,-20.626074562407023,23.787494621178745,-20.2386797853101,6.063403784099669,31.717173632483593,-31.946852379697397,14.57162925217445,4.471044221527495,-9.492635056994112,0
103.18889514666503,-75.5931962181828,-41.78351496075504,-17.460916564619804,2.045506611635904,8.369979512009223,-22.860246115299628,12.447685403170455,13.070026291516147,31.07110560813409,0
-17.916150585857498,-17.01130895715551,-58.08874633246613,20.234565815979785,33.31262588233116,23.931924650372874,-44.685723436394134,11.076296424561635,40.766078972656025,20.11974589353569,0
-13.283132135189629,-66.04505720890748,26.46411668110901,-15.537337474284943,1.403294810674842,33.89937207253281,23.06624405329466,-16.283461361147463,-30.958439379838364,-12.226392784784863,0
-19.558229863597486,61.646212754144706,-67.88765762792393,-10.303795327399202,19.577857390961242,-0.28916277196531026,-11.682500625510048,29.96615529977416,2.1941764263849657,20.688950104568956,0
-63.485085357260424,-59.437736380268035,28.697376291287615,-6.189877521009904,17.246861569033168,34.79051577711861,-18.51465801426786,15.509301811957728,-3.6356404061638177,13.040543096228156,0
149.82609604415583,-8.646068317990032,-14.006559318297208,41.129430180016904,-37.39507387995601,21.09443885015887,-33.211788860698626,5.844960543006168,23.49744195623655,-5.393276493721115,0
-176.3901986128313,-49.133579702359,16.567809109529097,12.317605736746522,50.399423445743324,104.54018469324745,34.29063432682669,-51.49657702917397,34.142336235701855,-15.675142229528037,0
320.70878691918614,3.780711002735481,-153.14625700549948,36.94175797408095,20.925524587104004,-101.72441169919034,6.631566287133417,22.58228048925291,58.62582301632272,57.70359345184011,0
-78.26681962074414,-22.44457159540889,69.41066918812118,-41.418780911842894,31.608328289815038,-11.173864843109358,27.278990669092774,-34.035768666638994,5.762339184050579,-2.7879314442249155,0
-51.39238896425079,-61.63152772166731,-11.279854946359581,-29.881625395472863,6.382920897983596,4.155274361961523,-7.33454909638567,-7.271377635988066,34.3619809565648,13.955939343979825,0
